Workbook

Sheet Inference
B4: Base Calculation | E4: Model Selection + Cost Estimation
B5: Description | C5: Quantity | E5: Model Name | F5: Input cost($) per 1M token | G5: Output cost($) per 1M token | H5: Cost per input Query($) | I5: Cost per output query Query($) | J5: Total Cost per query | K5: Total cost per month
B6: System prompts + instructions (5 AI calls) | C6: 6000 | E6: gpt-6-astra | F6: 10 | G6: 50 | H6: =F6*$C$11/1000000 -> 0.33688 | I6: =G6*$C$12/1000000 -> 0.405 | J6: =H6+I6 -> 0.74188 | K6: =Table2[[#This Row],[Total Cost per query]]*$C$16 -> 13.35384
B7: Contract text, masked (sent to Extract + Full read) | C7: 16250 | E7: gpt-5.6-sol | F7: 4 | G7: 20 | H7: =F7*$C$11/1000000 -> 0.134752 | I7: =G7*$C$12/1000000 -> 0.162 | J7: =H7+I7 -> 0.296752 | K7: =Table2[[#This Row],[Total Cost per query]]*$C$16 -> 5.341536
B8: Reference data (register candidates, baseline, past positions) | C8: 5000 | E8: gpt-5.6-terra | F8: 2 | G8: 12 | H8: =F8*$C$11/1000000 -> 0.067376 | I8: =G8*$C$12/1000000 -> 0.0972 | J8: =H8+I8 -> 0.164576 | K8: =Table2[[#This Row],[Total Cost per query]]*$C$16 -> 2.962368
B9: Linked bundle documents (BAA/DPA/subcontract; avg share of reviews) | C9: 2438 | E9: claude-opus-5-5 | F9: 4 | G9: 20 | H9: =F9*$C$11/1000000 -> 0.134752 | I9: =G9*$C$12/1000000 -> 0.162 | J9: =H9+I9 -> 0.296752 | K9: =Table2[[#This Row],[Total Cost per query]]*$C$16 -> 5.341536
B10: Earlier step outputs reused as input (extract JSON etc.) | C10: 4000 | E10: claude-sonnet-5-5 | F10: 2 | G10: 10 | H10: =F10*$C$11/1000000 -> 0.067376 | I10: =G10*$C$12/1000000 -> 0.081 | J10: =H10+I10 -> 0.148376 | K10: =Table2[[#This Row],[Total Cost per query]]*$C$16 -> 2.670768
B11: Total input tokens per review | C11: =SUM(C6:C10) -> 33688 | E11: claude-fable-5-1 | F11: 10 | G11: 50 | H11: =F11*$C$11/1000000 -> 0.33688 | I11: =G11*$C$12/1000000 -> 0.405 | J11: =H11+I11 -> 0.74188 | K11: =Table2[[#This Row],[Total Cost per query]]*$C$16 -> 13.35384
B12: Total Output tokens per review | C12: 8100
B13: Total Token per query | C13: =C11+C12 -> 41788
B14: Documents reviewed per month (3–4 contracts + 4–5 NDAs) | C14: 9
B15: Review rounds per document (full re-review of every version) | C15: 2
B16: Total monthly volume of queries | C16: =C14*C15 -> 18
B21: Assumptions behind the token counts
B22: Description | C22: value
B23: Pages per contract (base case) | C23: 12.5
B24: Words per page | C24: 500
B25: Tokens per word | C25: 1.3
B26: Words per contract | C26: 6250
B27: Tokens per contract (masked text) | C27: 8125
B28: Times the contract is sent to the model (Extract + Full read) | C28: 2
B29: AI calls per review (Extract, Clash, Full read, Bundle, Summary) | C29: 5
B30: System prompt + instructions per call (tokens) | C30: 1200
B31: Reference data per review (tokens) | C31: 5000
B32: Share of reviews with a linked bundle document | C32: 0.3
B33: Earlier step outputs reused as input (tokens) | C33: 4000
B34: Output tokens per review | C34: 8100

Sheet Embeddings
C3: Token/word | D3: 1.3
C5: Signed Contracts | F5: Negotiation & meeting notes | I5: Incoming drafts per year
C6: Component | D6: Quantity | F6: Component | G6: Quantity | I6: Component | J6: Quantity
C7: Number of signed contracts | D7: 30 | F7: Number of notes | G7: 20 | I7: Drafts per year (9 a month) | J7: 108
C8: Number of words per contract | D8: 6250 | F8: Number of words per note | G8: 200 | I8: Number of words per draft | J8: 6250
C9: Total number of words | D9: =D7*D8 -> 187500 | F9: Total number of words | G9: =G8*G7 -> 4000 | I9: Total number of words | J9: =J8*J7 -> 675000
C10: Total Tokens | D10: =D9*D3 -> 243750 | F10: Total tokens | G10: =G9*D3 -> 5200 | I10: Total tokens | J10: =J9*D3 -> 877500
C13: One-off embedding of the corpus (hypothetical)
C14: Component | D14: Cost/Quantity
C15: Total tokens for RAG | D15: =D10+G10+J10 -> 1126450
C16: Cost per 1M token | D16: 0.13
C17: Total cost for RAG | D17: =D15*D16/1000000 -> 0.1464385
C20: Query embeddings (search queries)
C21: Component | D21: Cost/Quantity
C22: Tokens per search query | D22: 20
C23: Search queries per month in MVP | D23: 0
C24: Token tokens per month | D24: =D23*D22 -> 0
C25: Cost per 1M token | D25: 0.13
C26: Total cost for user query embeddings | D26: =D24*D25/1000000 -> 0
C29: Total cost of Embeddings | D29: =D17+D26 -> 0.1464385

Sheet Cost Savings
D3: CEO review time today (per month)
D4: Component | E4: Quantity
D5: Standard Hours per review | E5: 2
D6: Hours Per later review ( revised draft) | E6: 1
D7: Review Rounds per document | E7: 2
D8: Hours Per Document(first round + second round) | E8: 3
D9: Document per month | E9: 9
D10: CEO Review hours per month | E10: =E8 * E9 -> 27
D13: Total monthly cost of Manual Review
D14: Component | E14: Cost
D15: CEO time value per hour (USD, assumption) | E15: 50
D16: Outside counsel per month (₹1.2 lakh ≈ $1,440 per escalation, ~1 per quarter) | E16: 480
D17: CEO review time cost per month | E17: =E10 * E15 -> 1350
D19: Total monthly cost of manual review (approx includes councel) | E19: =E16 + E17 -> 1830
D22: Monthly cost with AtliQ Review | H22: Monthly cost with AtliQ Review (lowest price per inference)
D23: Component | E23: Cost | H23: Component | I23: Cost
D24: AI inference — claude-opus-5-5 | E24: =Inference!K9 -> 5.341536 | H24: AI inference — claude-sonnet-5-5 | I24: =Inference!K8 -> 2.962368
D25: Embeddings (not used in MVP) | E25: 0 | H25: Embeddings (not used in MVP) | I25: 0
D26: CEO time still needed (reads the report; hours below × reviews × rate) | E26: =E15* Inference!C16 * E27 -> 450 | H26: CEO time still needed (reads the report; hours below × reviews × rate) | I26: =E27 * E15 *Inference!C16 -> 450
D27: CEO hours per review with the tool (assumption; target ≤ 0.5 h) | E27: 0.5 | H27: CEO hours per review with the tool (assumption; target ≤ 0.5 h) | I27: 0.5
D28: Outside counsel — escalations only for serious clashes / Not sure (assume half) | E28: 240 | H28: Outside counsel — escalations only for serious clashes / Not sure (assume half) | I28: 240
D29: Total RAG Chatbot Agent | E29: =E24+E25+E26+E27+E28 -> 695.84154 | H29: Total RAG Chatbot Agent | I29: =I24+I25+I26+I27+I28 -> 693.46237
D32: Total Savings | E32: =E19-E29 -> 1134.1585 | H32: Total Savings | I32: =E19-I29 -> 1136.5376
D33: % Savings | E33: =E32/E19 -> 0.61975872 | H33: % Savings | I33: =I32/E19 -> 0.62105882
D34: CEO hours freed per month | E34: =E10 - E27 *Inference!C16 -> 18 | H34: CEO hours freed per month | I34: =E10 - E27 *Inference!C16 -> 18
